{
  "BOFunction": 0,
  "EnergyFunction": 1,
  "MessageFunction": 3,
  "MolEnergy": {
    "BCC127_C11_C12_II_strain_": 0.554311215877533,
    "BCC127_C11_C12_II_strain_0.000": 0.1250450164079666,
    "BCC127_C11_C12_II_strain__0.020": -0.30049705505371094,
    "BCC127_C11_C12_II_strain__0.030": -0.643294095993042,
    "BCC127_C11_C12_II_strain__0.040": -1.1014997959136963,
    "BCC127_C11_C12_II_strain__0.050": -1.705080270767212,
    "BCC127_C11_C12_I_strain_": 0.4159350097179413,
    "BCC127_C11_C12_I_strain_0.000": 0.1250450164079666,
    "BCC127_C11_C12_I_strain__0.020": -0.12880174815654755,
    "BCC127_C11_C12_I_strain__0.040": -0.5014243125915527,
    "BCC127_C11_C12_I_strain__0.050": -0.7433698177337646,
    "BCC127_C44_strain_": 0.15383794903755188,
    "BCC127_C44_strain_0.000": 0.1250450164079666,
    "BCC127_C44_strain__0.020": 0.13928432762622833,
    "BCC16_BCC16_C11_C12_II_strain_": -0.5993450284004211,
    "BCC16_BCC16_C11_C12_II_strain_0.000_supercell_2x2x2": -0.7022204995155334,
    "BCC16_BCC16_C11_C12_II_strain__0.005_supercell_2x2x2": -0.7636074423789978,
    "BCC16_BCC16_C11_C12_II_strain__0.010_supercell_2x2x2": -0.8341168165206909,
    "BCC16_BCC16_C11_C12_II_strain__0.015_supercell_2x2x2": -0.9150378704071045,
    "BCC16_BCC16_C11_C12_I_strain_": -0.6478992104530334,
    "BCC16_BCC16_C11_C12_I_strain_0.000_supercell_2x2x2": -0.7022204995155334,
    "BCC16_BCC16_C11_C12_I_strain__0.010_supercell_2x2x2": -0.784558892250061,
    "BCC16_BCC16_C11_C12_I_strain__0.015_supercell_2x2x2": -0.8295289874076843,
    "BCC16_BCC16_C44_strain_": -0.6920483112335205,
    "BCC16_BCC16_C44_strain_0.000_supercell_2x2x2": -0.7022204995155334,
    "BCC16_BCC16_C44_strain__0.005_supercell_2x2x2": -0.6999479532241821,
    "BCC16_BCC16_C44_strain__0.010_supercell_2x2x2": -0.6935526132583618,
    "BCC16_BCC16_C44_strain__0.015_supercell_2x2x2": -0.681942343711853,
    "BCC2_supercell_3x3x3": -0.2533533275127411,
    "BCC_SIA_BCC_SIA_110": 0.05739469826221466,
    "BCC_SIA_BCC_SIA_111": -0.624746561050415,
    "BCCsurf_BCC128_S100": -1.0982049703598022,
    "BCCsurf_BCC144_RELAX": -0.6948674321174622,
    "BCCsurf_BCC144_S110": 2.7935402393341064,
    "BCCsurf_BCC144_S111": 1.1992899179458618,
    "BCCsurf_BCC144_S112": 0.5915679335594177,
    "FCC107_C11_C12_II_strain_": -0.10742121189832687,
    "FCC107_C11_C12_II_strain_0.000": -0.061913929879665375,
    "FCC107_C11_C12_II_strain__0.010": 0.00039733105222694576,
    "FCC107_C11_C12_II_strain__0.040": -0.019936516880989075,
    "FCC107_C11_C12_I_strain_": -0.12927892804145813,
    "FCC107_C11_C12_I_strain_0.000": -0.06163331866264343,
    "FCC107_C11_C12_I_strain__0.010": -0.02036723867058754,
    "FCC107_C11_C12_I_strain__0.020": -0.0003897701681125909,
    "FCC107_C11_C12_I_strain__0.040": 0.011314550414681435,
    "FCC107_C11_C12_I_strain__0.050": -0.030140696093440056,
    "FCC107_C44_strain_": -0.04214617982506752,
    "FCC107_C44_strain_0.000": -0.06264346092939377,
    "FCC107_C44_strain__0.010": -0.05669604614377022,
    "FCC107_C44_strain__0.020": -0.05476890876889229,
    "FCC107_C44_strain__0.040": -0.0187043696641922,
    "FCC107_C44_strain__0.050": 0.03735598176717758,
    "FCC32_FCC32_C11_C12_II_strain_": -0.06515266746282578,
    "FCC32_FCC32_C11_C12_II_strain_0.000_supercell_2x2x2": 0.20866596698760986,
    "FCC32_FCC32_C11_C12_II_strain__0.005_supercell_2x2x2": 0.3150498867034912,
    "FCC32_FCC32_C11_C12_II_strain__0.015_supercell_2x2x2": 0.5155916810035706,
    "FCC32_FCC32_C11_C12_II_strain__0.020_supercell_2x2x2": 0.5989295244216919,
    "FCC32_FCC32_C11_C12_II_strain__0.030_supercell_2x2x2": 0.7030680179595947,
    "FCC32_FCC32_C11_C12_II_strain__0.040_supercell_2x2x2": 0.6840342283248901,
    "FCC32_FCC32_C11_C12_II_strain__0.050_supercell_2x2x2": 0.4939887225627899,
    "FCC32_FCC32_C11_C12_I_strain_": -0.016537612304091454,
    "FCC32_FCC32_C11_C12_I_strain_0.000_supercell_2x2x2": 0.20866596698760986,
    "FCC32_FCC32_C11_C12_I_strain__0.005_supercell_2x2x2": 0.2800392210483551,
    "FCC32_FCC32_C11_C12_I_strain__0.010_supercell_2x2x2": 0.35161104798316956,
    "FCC32_FCC32_C11_C12_I_strain__0.015_supercell_2x2x2": 0.42098933458328247,
    "FCC32_FCC32_C11_C12_I_strain__0.020_supercell_2x2x2": 0.4857426583766937,
    "FCC32_FCC32_C11_C12_I_strain__0.030_supercell_2x2x2": 0.5906677842140198,
    "FCC32_FCC32_C11_C12_I_strain__0.040_supercell_2x2x2": 0.6440340876579285,
    "FCC32_FCC32_C11_C12_I_strain__0.050_supercell_2x2x2": 0.6224746108055115,
    "FCC32_FCC32_C44_strain_": 0.3073961138725281,
    "FCC32_FCC32_C44_strain_0.000_supercell_2x2x2": 0.20866596698760986,
    "FCC32_FCC32_C44_strain__0.005_supercell_2x2x2": 0.2112603634595871,
    "FCC32_FCC32_C44_strain__0.010_supercell_2x2x2": 0.21962392330169678,
    "FCC32_FCC32_C44_strain__0.015_supercell_2x2x2": 0.23484539985656738,
    "FCC32_FCC32_C44_strain__0.020_supercell_2x2x2": 0.2582964599132538,
    "FCC32_FCC32_C44_strain__0.030_supercell_2x2x2": 0.33458998799324036,
    "FCC32_FCC32_C44_strain__0.040_supercell_2x2x2": 0.456798255443573,
    "FCC32_FCC32_C44_strain__0.050_supercell_2x2x2": 0.6326959133148193,
    "FCC4_supercell_3x3x3": -0.4375203251838684,
    "FCC_SIA_SIA100": -0.7063925266265869,
    "FCC_SIA_SIA110": -0.666542649269104,
    "FCC_SIA_SIA111": -0.555970311164856,
    "FCCsurf_FCC40_S100_supercell_3x3x1": -1.0513650178909302,
    "FCCsurf_FCC40_S110_supercell_4x1x3": -1.2353307008743286
  },
  "VdwFunction": 0,
  "be_layer": [
    9,
    1
  ],
  "bo_layer": null,
  "m": {
    "feb_Li-Li": [
      [
        15.3094482421875,
        15.261958122253418,
        15.09060001373291,
        15.14782428741455,
        15.23939037322998,
        15.22040843963623,
        15.182494163513184,
        15.231769561767578,
        15.241092681884766
      ]
    ],
    "febi_Li-Li": [
      6.221097469329834,
      6.366886615753174,
      6.262112140655518,
      6.2727131843566895,
      6.251469135284424,
      6.459984302520752,
      6.2621636390686035,
      6.320630073547363,
      6.240726470947266
    ],
    "febo_Li-Li": [
      -23.30123519897461
    ],