{
  "BOFunction": 0,
  "EnergyFunction": 1,
  "MessageFunction": 3,
  "MolEnergy": {},
  "VdwFunction": 0,
  "be_layer": [9, 1],
  "bo_layer": null,
  "m": {},
  "messages": 1,
  "mf_layer": [9, 1],
  "p": {
    "Depi_Li-Li": 0.0,
    "Depp_Li-Li": 0.0,
    "Desi_Li-Li": 34.3154,
    "Devdw_Li": 0.2939000129699707,
    "Devdw_Li-Li": 0.2939000129699707,
    "V1_Li-Li-Li-Li": 5.518901824951172,
    "V2_Li-Li-Li-Li": 5.508182048797607,
    "V3_Li-Li-Li-Li": 5.519387722015381,
    "acut": 9.989999671233818e-05,
    "alfa_Li": 9.0616,
    "alfa_Li-Li": 9.0616,
    "atomic_Li": 0.0,
    "be1_Li-Li": 0.5995,
    "be2_Li-Li": 0.5752,
    "bo1_Li-Li": -0.1382,
    "bo2_Li-Li": 4.5000,
    "bo3_Li-Li": 0.0000,
    "bo4_Li-Li": 12.0000,
    "bo5_Li-Li": 0.3000,
    "bo6_Li-Li": 26.0000,
    "boc1": 50.0,
    "boc2": 9.546899795532227,
    "boc3_Li": 6.9107,
    "boc4_Li": 5.4409,
    "boc5_Li": 0.1973,
    "chi_Li": -0.3107999861240387,
    "coa1_Li-Li-Li": 0.0,
    "coa2": 6.870200157165527,
    "coa3": 30.0,
    "coa4": 1.0587999820709229,
    "corr13_Li-Li": 0.0,
    "cot1_Li-Li-Li-Li": 0.0,
    "cot2": 1.0,
    "cutoff": 0.009999999776482582,
    "gamma_Li": 1.3258,
    "gamma_Li-Li": 1.0,
    "gammaw_Li": 1.0,
    "hbond_Li": 1.0,
    "hbtol": 9.989999671233818e-05,
    "kc2": 0.0,
    "lp1": 1.0,
    "lp2_Li": 0.0,
    "lp3": 1.0,
    "mass_Li": 6.9410,
    "mu_Li": 12.988100051879883,
    "ovcorr_Li-Li": 0.0,
    "ovun1_Li-Li": 0.5445,
    "ovun2_Li": -2.5067999362945557,
    "ovun3": 12.117600440979004,
    "ovun4": 13.3056001663208,
    "ovun5_Li": 0.0,
    "ovun6": 33.86669921875,
    "ovun7": 6.089099884033203,
    "ovun8": 1.0563000440597534,
    "pen1_Li-Li-Li": 0.0,
    "pen2": 1.0,
    "pen3": 1.0,
    "pen4": 1.0,
    "ropi_Li": -0.1000,
    "ropi_Li-Li": -0.1000,
    "ropp_Li": -1.0000,
    "ropp_Li-Li": -1.0000,
    "rosi_Li": 1.9814,
    "rosi_Li-Li": 1.9814,
    "rvdw_Li": 1.8000,
    "rvdw_Li-Li": 1.8000,
    "swa": 0.0,
    "swb": 10.0,
    "tor2": 1.2478033304214478,
    "tor3": 1.002427577972412,
    "tor4": 0.9981082081794739,
    "trip1": 0.0,
    "trip2": 10.0,
    "trip3": 2.879300117492676,
    "trip4": 33.86669921875,
    "val10": 1.0,
    "val1_Li-Li-Li": 0.0,
    "val2_Li-Li-Li": 0.0,
    "val3_Li": 2.2989,
    "val4_Li-Li-Li": 0.0,
    "val5_Li": 2.8103,
    "val6": 1.0,
    "val7_Li-Li-Li": 0.0,
    "val8": 1.0,
    "val9": 1.0,
    "val_Li": 1.0,
    "valang_Li": 1.0,
    "valboc_Li": 1.0,
    "vale_Li": 1.0002321004867554,
    "vdw1": 0.10000000149011612
  },
  "rEquilibrium": {
    "Li-Li": 3.0,
    "others": 3.0
  },
  "rcut": {
    "Li-Li": 5.0,
    "others": 5.0
  },
  "rcutBond": {
    "Li-Li": 5.0,
    "others": 5.0
  },
  "score": -10.248992919921875,
  "vdw_layer": null
}
