{
  "BOFunction": 0,
  "EnergyFunction": 1,
  "MessageFunction": 3,
  "MolEnergy": {},
  "VdwFunction": 0,
  "be_layer": [
    9,
    1
  ],
  "bo_layer": null,
  "m": {},
  "messages": 1,
  "mf_layer": [
    9,
    1
  ],
  "p": {
    "Depi_Li-Li": 0.0,
    "Depp_Li-Li": 0.0,
    "Desi_Li-Li": 10.484663009643555,
    "Devdw_Li": 1.0645999908447266,
    "Devdw_Li-Li": 1.0645999908447266,
    "V1_Li-Li-Li-Li": -0.25,
    "V2_Li-Li-Li-Li": 11.582200050354004,
    "V3_Li-Li-Li-Li": 0.18790000677108765,
    "acut": 0.5,
    "alfa_Li": 6.492700099945068,
    "alfa_Li-Li": 6.492700099945068,
    "atomic_Li": 0.0,
    "be1_Li-Li": 0.46594932675361633,
    "be2_Li-Li": 0.5340232253074646,
    "bo1_Li-Li": -0.2492792159318924,
    "bo2_Li-Li": 4.025882720947266,
    "bo3_Li-Li": 0.0,
    "bo4_Li-Li": 12.0,
    "bo5_Li-Li": 0.30000001192092896,
    "bo6_Li-Li": 26.0,
    "boc1": 50.0,
    "boc2": 9.546899795532227,
    "boc3_Li": 6.910699844360352,
    "boc4_Li": 5.440899848937988,
    "boc5_Li": 0.1973000019788742,
    "chi_Li": -0.3107999861240387,
    "coa1_Li-Li-Li": 0.0,
    "coa2": 1.6725000143051147,
    "coa3": 0.7903000116348267,
    "coa4": 1.760200023651123,
    "corr13_Li-Li": 0.0,
    "cot1_Li-Li-Li-Li": -2.204699993133545,
    "cot2": 2.1644999980926514,
    "cutoff": 0.10000000149011612,
    "gamma_Li": 0.5863000154495239,
    "gamma_Li-Li": 0.5863000154495239,
    "gammaw_Li": 1.2177000045776367,
    "hbond_Li": 0.0,
    "hbtol": 20.0,
    "kc2": 60.48500061035156,
    "lp1": 6.089099884033203,
    "lp2_Li": 0.0,
    "lp3": 75.0,
    "mass_Li": 6.940999984741211,
    "mu_Li": 12.988100051879883,
    "ovcorr_Li-Li": 0.0,
    "ovun1_Li-Li": 0.38530197739601135,
    "ovun2_Li": -0.6488000154495239,
    "ovun3": 50.0,
    "ovun4": 0.6991000175476074,
    "ovun5_Li": 0.0,
    "ovun6": 1.0587999820709229,
    "ovun7": 12.117600440979004,
    "ovun8": 13.3056001663208,
    "pen1_Li-Li-Li": 15.41409969329834,
    "pen2": 6.928999900817871,
    "pen3": 0.39890000224113464,
    "pen4": 3.9953999519348145,
    "ropi_Li": -0.10000000149011612,
    "ropi_Li-Li": -0.10000000149011612,
    "ropp_Li": -1.0,
    "ropp_Li-Li": -1.0,
    "rosi_Li": 2.10260009765625,
    "rosi_Li-Li": 2.10260009765625,
    "rvdw_Li": 2.181299924850464,
    "rvdw_Li-Li": 2.181299924850464,
    "swa": 0.0,
    "swb": 10.0,
    "tor2": 5.779600143432617,
    "tor3": 10.0,
    "tor4": 1.948699951171875,
    "trip1": -55.19779968261719,
    "trip2": 4.599999904632568,
    "trip3": 6.870200157165527,
    "trip4": 1.7223999500274658,
    "val10": 2.0383999347686768,
    "val1_Li-Li-Li": 22.069499969482422,
    "val2_Li-Li-Li": 1.628600001335144,
    "val3_Li": 1.454699993133545,
    "val4_Li-Li-Li": 1.808899998664856,
    "val5_Li": 1.517799973487854,
    "val6": 33.86669921875,
    "val7_Li-Li-Li": 1.7958999872207642,
    "val8": 1.851199984550476,
    "val9": 1.0563000440597534,
    "val_Li": 1.0,
    "valang_Li": 1.0,
    "valboc_Li": 1.1898000240325928,
    "vale_Li": 1.0,
    "vdw1": 1.5591000318527222
  },
  "rEquilibrium": {
    "Li-Li": 3.0,
    "others": 3.0
  },
  "rcut": {
    "Li-Li": 5.0,
    "others": 5.0
  },
  "rcutBond": {
    "Li-Li": 5.0,
    "others": 5.0
  },
  "score": -10.248992919921875,
  "vdw_layer": null
}